endpoint,prediction,model_version,timestamp,prediction_id
/predict/risk,Medium,1.0.0,2024-01-01T00:00:00,755f4297c1cb
/predict/risk,Low,1.0.0,2024-01-01T02:00:00,5199cc9f9ab5
/predict/risk,Medium,1.0.0,2024-01-01T04:00:00,2c87b108d558
/predict/risk,Medium,1.0.0,2024-01-01T06:00:00,4e531476471f
/predict/risk,High,1.0.0,2024-01-01T08:00:00,aa00e78cc893
/predict/risk,High,1.0.0,2024-01-01T10:00:00,7e7438f75808
/predict/risk,High,1.0.0,2024-01-01T12:00:00,51657e30009c
/predict/risk,Low,1.0.0,2024-01-01T14:00:00,13a62aa022f7
/predict/risk,Medium,1.0.0,2024-01-01T16:00:00,ef7e67ffec3f
/predict/risk,Medium,1.0.0,2024-01-01T18:00:00,3dbe1f60bc48
/predict/risk,High,1.0.0,2024-01-01T20:00:00,0bc439b86dd0
/predict/risk,Low,1.0.0,2024-01-01T22:00:00,007068d190b5
/predict/risk,Low,1.0.0,2024-01-02T00:00:00,f89465599d4d
/predict/risk,High,1.0.0,2024-01-02T02:00:00,5dff9e8b8de6
/predict/risk,High,1.0.0,2024-01-02T04:00:00,fa762cae4273
/predict/risk,High,1.0.0,2024-01-02T06:00:00,58f5113cd513
/predict/risk,Medium,1.0.0,2024-01-02T08:00:00,d45992fc7cb8
/predict/risk,Medium,1.0.0,2024-01-02T10:00:00,e96c2f2a2088
/predict/risk,Medium,1.0.0,2024-01-02T12:00:00,41de79b82778
/predict/risk,High,1.0.0,2024-01-02T14:00:00,f08b2ee49a48
/predict/risk,Medium,1.0.0,2024-01-02T16:00:00,3e9a68ca1530
/predict/risk,High,1.0.0,2024-01-02T18:00:00,1255e0cd24f8
/predict/risk,High,1.0.0,2024-01-02T20:00:00,eb8a61cd58d4
/predict/risk,Medium,1.0.0,2024-01-02T22:00:00,949279b3f2db
/predict/risk,Medium,1.0.0,2024-01-03T00:00:00,1b7aaa9d42c6
/predict/risk,Low,1.0.0,2024-01-03T02:00:00,8a94587c624c
/predict/risk,High,1.0.0,2024-01-03T04:00:00,1b8106158bfb
/predict/risk,Medium,1.0.0,2024-01-03T06:00:00,0248c99c8d47
/predict/risk,Medium,1.0.0,2024-01-03T08:00:00,28414206bdce
/predict/risk,High,1.0.0,2024-01-03T10:00:00,d270f2158285
/predict/risk,Medium,1.0.0,2024-01-03T12:00:00,6dfff81786ff
/predict/risk,High,1.0.0,2024-01-03T14:00:00,0dbd6c56c64c
/predict/risk,High,1.0.0,2024-01-03T16:00:00,786fb8aeeab0
/predict/risk,Low,1.0.0,2024-01-03T18:00:00,a112980ca270
/predict/risk,Low,1.0.0,2024-01-03T20:00:00,21347ecfb865
/predict/risk,Low,1.0.0,2024-01-03T22:00:00,0003ee18d879
/predict/risk,Medium,1.0.0,2024-01-04T00:00:00,a40f8b2ede27
/predict/risk,High,1.0.0,2024-01-04T02:00:00,318a8929e6ce
/predict/risk,Medium,1.0.0,2024-01-04T04:00:00,9769acad8c90
/predict/risk,Medium,1.0.0,2024-01-04T06:00:00,f6096252e611
/predict/risk,High,1.0.0,2024-01-04T08:00:00,f6b2f31bc5b0
/predict/risk,Medium,1.0.0,2024-01-04T10:00:00,f3277f728bc1
/predict/risk,High,1.0.0,2024-01-04T12:00:00,b086e2badbd0
/predict/risk,Low,1.0.0,2024-01-04T14:00:00,3f28228fdf01
/predict/risk,High,1.0.0,2024-01-04T16:00:00,f3f9174c08fa
/predict/risk,Medium,1.0.0,2024-01-04T18:00:00,f225b3d76eb2
/predict/risk,Medium,1.0.0,2024-01-04T20:00:00,98951cea6ca8
/predict/risk,Medium,1.0.0,2024-01-04T22:00:00,bbc2239d4548
/predict/risk,Medium,1.0.0,2024-01-05T00:00:00,a19ccefe27e6
/predict/risk,High,1.0.0,2024-01-05T02:00:00,062dec646b0c
/predict/risk,Low,1.0.0,2024-01-05T04:00:00,eb7605c23396
/predict/risk,Low,1.0.0,2024-01-05T06:00:00,48afc83b1e07
/predict/risk,Low,1.0.0,2024-01-05T08:00:00,242f3104eb38
/predict/risk,Low,1.0.0,2024-01-05T10:00:00,008777f72053
/predict/risk,Medium,1.0.0,2024-01-05T12:00:00,25dc2448d0d1
/predict/risk,Low,1.0.0,2024-01-05T14:00:00,64ba6cf65b1e
/predict/risk,High,1.0.0,2024-01-05T16:00:00,a51bbe5c53c9
/predict/risk,High,1.0.0,2024-01-05T18:00:00,1b613eca534e
/predict/risk,High,1.0.0,2024-01-05T20:00:00,ebb344be7973
/predict/risk,Medium,1.0.0,2024-01-05T22:00:00,972c2245ed03
/predict/risk,Medium,1.0.0,2024-01-06T00:00:00,2007358995bf
/predict/risk,High,1.0.0,2024-01-06T02:00:00,478fdc4ee643
/predict/risk,Low,1.0.0,2024-01-06T04:00:00,cd3e5ab8bc7b
/predict/risk,Medium,1.0.0,2024-01-06T06:00:00,12f5b14ddba6
/predict/risk,High,1.0.0,2024-01-06T08:00:00,10224186f413
/predict/risk,Medium,1.0.0,2024-01-06T10:00:00,535231cf3a96
/predict/risk,High,1.0.0,2024-01-06T12:00:00,4d1fb94ef03c
/predict/risk,Low,1.0.0,2024-01-06T14:00:00,9de0af8ccbfd
/predict/risk,High,1.0.0,2024-01-06T16:00:00,38334635940e
/predict/risk,Low,1.0.0,2024-01-06T18:00:00,8fab9d53bc4f
/predict/risk,Low,1.0.0,2024-01-06T20:00:00,205c9ebc5088
/predict/risk,High,1.0.0,2024-01-06T22:00:00,81c4811b44fc
/predict/risk,High,1.0.0,2024-01-07T00:00:00,90771792d597
/predict/risk,Low,1.0.0,2024-01-07T02:00:00,cf7e9d859774
/predict/risk,Medium,1.0.0,2024-01-07T04:00:00,a2d6f0bc2116
/predict/risk,Medium,1.0.0,2024-01-07T06:00:00,46f475f1fba7
/predict/risk,Low,1.0.0,2024-01-07T08:00:00,49d03968c25d
/predict/risk,High,1.0.0,2024-01-07T10:00:00,138b7cbb8b9a
/predict/risk,Medium,1.0.0,2024-01-07T12:00:00,922327c605c9
/predict/risk,High,1.0.0,2024-01-07T14:00:00,b4b3038bec60
/predict/risk,Low,1.0.0,2024-01-07T16:00:00,94dfe4f0e889
/predict/risk,Medium,1.0.0,2024-01-07T18:00:00,0158411c8ba9
/predict/risk,Medium,1.0.0,2024-01-07T20:00:00,1854b4b38349
/predict/risk,High,1.0.0,2024-01-07T22:00:00,93b8ca031926
/predict/risk,Medium,1.0.0,2024-01-08T00:00:00,9e29e8f46f79
/predict/risk,Medium,1.0.0,2024-01-08T02:00:00,ff63194ead5f
/predict/risk,Medium,1.0.0,2024-01-08T04:00:00,497636f19092
/predict/risk,Medium,1.0.0,2024-01-08T06:00:00,073169969cad
/predict/risk,Low,1.0.0,2024-01-08T08:00:00,778e75f99046
/predict/risk,Medium,1.0.0,2024-01-08T10:00:00,e6b740ab2350
/predict/risk,High,1.0.0,2024-01-08T12:00:00,65b992593c39
/predict/risk,Medium,1.0.0,2024-01-08T14:00:00,ed0e773a1490
/predict/risk,Low,1.0.0,2024-01-08T16:00:00,6297744ee7e1
/predict/risk,Medium,1.0.0,2024-01-08T18:00:00,b4f085091646
/predict/risk,Low,1.0.0,2024-01-08T20:00:00,842032c5615f
/predict/risk,Medium,1.0.0,2024-01-08T22:00:00,d4f1f06f6850
/predict/risk,Medium,1.0.0,2024-01-09T00:00:00,3ac737a8c7f4
/predict/risk,Medium,1.0.0,2024-01-09T02:00:00,d82748ab2ad0
/predict/risk,High,1.0.0,2024-01-09T04:00:00,c6889ee8c1c2
/predict/risk,High,1.0.0,2024-01-09T06:00:00,642c9500276d
/predict/risk,High,1.0.0,2024-01-09T08:00:00,544bb379d59b
/predict/risk,Medium,1.0.0,2024-01-09T10:00:00,b66d70cad297
/predict/risk,Medium,1.0.0,2024-01-09T12:00:00,968680d83f24
/predict/risk,Medium,1.0.0,2024-01-09T14:00:00,a167824750bd
/predict/risk,Low,1.0.0,2024-01-09T16:00:00,e4b9d0c19fff
/predict/risk,High,1.0.0,2024-01-09T18:00:00,a115ed9f5273
/predict/risk,Medium,1.0.0,2024-01-09T20:00:00,11abb2086523
/predict/risk,Low,1.0.0,2024-01-09T22:00:00,01c9b4c59cd0
/predict/risk,High,1.0.0,2024-01-10T00:00:00,148c86599de6
/predict/risk,High,1.0.0,2024-01-10T02:00:00,9b7a2e3c9a77
/predict/risk,High,1.0.0,2024-01-10T04:00:00,b756958132d2
/predict/risk,High,1.0.0,2024-01-10T06:00:00,db01aa28007b
/predict/risk,Low,1.0.0,2024-01-10T08:00:00,478225c30382
/predict/risk,Low,1.0.0,2024-01-10T10:00:00,2e7cc78f5608
/predict/risk,Medium,1.0.0,2024-01-10T12:00:00,079e913ab8d1
/predict/risk,Low,1.0.0,2024-01-10T14:00:00,bf669bb10181
/predict/risk,Low,1.0.0,2024-01-10T16:00:00,a9bb0cdae65c
/predict/risk,High,1.0.0,2024-01-10T18:00:00,05085f43d63a
/predict/risk,Low,1.0.0,2024-01-10T20:00:00,8721fe23a85c
/predict/risk,Medium,1.0.0,2024-01-10T22:00:00,7233414da254
/predict/risk,Low,1.0.0,2024-01-11T00:00:00,5dd69b2a46ca
/predict/risk,Low,1.0.0,2024-01-11T02:00:00,4377807b3c77
/predict/risk,Medium,1.0.0,2024-01-11T04:00:00,e8e79d0200e1
/predict/risk,High,1.0.0,2024-01-11T06:00:00,5c3ca928d1ca
/predict/risk,High,1.0.0,2024-01-11T08:00:00,931fde85617b
/predict/risk,Medium,1.0.0,2024-01-11T10:00:00,824931dde11f
/predict/risk,Low,1.0.0,2024-01-11T12:00:00,7011180f64f3
/predict/risk,Low,1.0.0,2024-01-11T14:00:00,95da786d9e87
/predict/risk,High,1.0.0,2024-01-11T16:00:00,259eee321276
/predict/risk,Medium,1.0.0,2024-01-11T18:00:00,da5a7cd1ddd1
/predict/risk,Medium,1.0.0,2024-01-11T20:00:00,d84097b2b402
/predict/risk,High,1.0.0,2024-01-11T22:00:00,c7030b851acf
/predict/risk,High,1.0.0,2024-01-12T00:00:00,e66fed1c4e59
/predict/risk,Medium,1.0.0,2024-01-12T02:00:00,7e809ce0cdbf
/predict/risk,Low,1.0.0,2024-01-12T04:00:00,70e17b4789c5
/predict/risk,Medium,1.0.0,2024-01-12T06:00:00,5625bb7bc295
/predict/risk,Medium,1.0.0,2024-01-12T08:00:00,d11f19da134d
/predict/risk,Medium,1.0.0,2024-01-12T10:00:00,547cc3ba5be8
/predict/risk,Medium,1.0.0,2024-01-12T12:00:00,ef7e2dfc7282
/predict/risk,Low,1.0.0,2024-01-12T14:00:00,418d891f3c45
/predict/risk,Low,1.0.0,2024-01-12T16:00:00,fb2fedb27382
/predict/risk,High,1.0.0,2024-01-12T18:00:00,82426f31ce6d
/predict/risk,Medium,1.0.0,2024-01-12T20:00:00,f9d431f7ea21
/predict/risk,Medium,1.0.0,2024-01-12T22:00:00,0a459889608e
/predict/risk,High,1.0.0,2024-01-13T00:00:00,696c50cc0c2a
/predict/risk,High,1.0.0,2024-01-13T02:00:00,113581c03cf3
/predict/risk,Medium,1.0.0,2024-01-13T04:00:00,0cf38597fd26
/predict/risk,Medium,1.0.0,2024-01-13T06:00:00,ee5d3dd8972b
/predict/risk,High,1.0.0,2024-01-13T08:00:00,2dcc59a5686c
/predict/risk,High,1.0.0,2024-01-13T10:00:00,0dcab266f7e1
/predict/risk,Low,1.0.0,2024-01-13T12:00:00,99ebad5733b0
/predict/risk,High,1.0.0,2024-01-13T14:00:00,604bb9184a45
/predict/risk,High,1.0.0,2024-01-13T16:00:00,993972a57e16
/predict/risk,Medium,1.0.0,2024-01-13T18:00:00,ae720db1a2ab
/predict/risk,Low,1.0.0,2024-01-13T20:00:00,165fef4b88f1
/predict/risk,High,1.0.0,2024-01-13T22:00:00,336d60197a08
/predict/risk,Medium,1.0.0,2024-01-14T00:00:00,326689380f2e
/predict/risk,Low,1.0.0,2024-01-14T02:00:00,c6671864561b
/predict/risk,High,1.0.0,2024-01-14T04:00:00,5916a33963e1
/predict/risk,Medium,1.0.0,2024-01-14T06:00:00,6d62c3210408
/predict/risk,Medium,1.0.0,2024-01-14T08:00:00,82ff05793dbc
/predict/risk,Medium,1.0.0,2024-01-14T10:00:00,a7a3b6f195d9
/predict/risk,Medium,1.0.0,2024-01-14T12:00:00,cffcbc3010ca
/predict/risk,Medium,1.0.0,2024-01-14T14:00:00,ce72481d50cc
/predict/risk,High,1.0.0,2024-01-14T16:00:00,39a7076b8317
/predict/risk,Low,1.0.0,2024-01-14T18:00:00,d7af904188f3
/predict/risk,Medium,1.0.0,2024-01-14T20:00:00,7bca8d80d09a
/predict/risk,High,1.0.0,2024-01-14T22:00:00,0be9459e85ca
/predict/risk,High,1.0.0,2024-01-15T00:00:00,8ceca747466e
/predict/risk,Medium,1.0.0,2024-01-15T02:00:00,9bbf001ccaa7
/predict/risk,Medium,1.0.0,2024-01-15T04:00:00,26fdd7457fc7
/predict/risk,High,1.0.0,2024-01-15T06:00:00,42b07d04b509
/predict/risk,Medium,1.0.0,2024-01-15T08:00:00,2727fec75f59
/predict/risk,High,1.0.0,2024-01-15T10:00:00,5b2e7934f2d6
/predict/risk,Medium,1.0.0,2024-01-15T12:00:00,d09a34218730
/predict/risk,High,1.0.0,2024-01-15T14:00:00,a2b1004f1adc
/predict/risk,Medium,1.0.0,2024-01-15T16:00:00,6f46964ad3ad
/predict/risk,Medium,1.0.0,2024-01-15T18:00:00,049f9e079832
/predict/risk,Low,1.0.0,2024-01-15T20:00:00,bf4e60509524
/predict/risk,High,1.0.0,2024-01-15T22:00:00,3849e0a07b3b
/predict/risk,Medium,1.0.0,2024-01-16T00:00:00,e537c10cd360
/predict/risk,High,1.0.0,2024-01-16T02:00:00,44d13b476675
/predict/risk,Low,1.0.0,2024-01-16T04:00:00,ac46bb44b8f0
/predict/risk,Low,1.0.0,2024-01-16T06:00:00,2fb4141a8520
/predict/risk,High,1.0.0,2024-01-16T08:00:00,786fcb25b15e
/predict/risk,Medium,1.0.0,2024-01-16T10:00:00,cb9863af408f
/predict/risk,Low,1.0.0,2024-01-16T12:00:00,6f32b4351a00
/predict/risk,Medium,1.0.0,2024-01-16T14:00:00,7210ab61ca54
/predict/risk,Medium,1.0.0,2024-01-16T16:00:00,9d632af5f856
/predict/risk,High,1.0.0,2024-01-16T18:00:00,bc7db8c7ea0e
/predict/risk,High,1.0.0,2024-01-16T20:00:00,9eb87684f873
/predict/risk,Low,1.0.0,2024-01-16T22:00:00,3de7c495206b
/predict/risk,Low,1.0.0,2024-01-17T00:00:00,6eda1d2a2b8b
/predict/risk,Medium,1.0.0,2024-01-17T02:00:00,a933af7f56bd
/predict/risk,Medium,1.0.0,2024-01-17T04:00:00,faba20281fc4
/predict/risk,Medium,1.0.0,2024-01-17T06:00:00,01a6e6183864
/predict/risk,Medium,1.0.0,2024-01-17T08:00:00,c04e83aea6cc
/predict/risk,Low,1.0.0,2024-01-17T10:00:00,3e1597152f62
/predict/risk,Low,1.0.0,2024-01-17T12:00:00,54257f7d7e42
/predict/risk,Low,1.0.0,2024-01-17T14:00:00,f2f4e63a7d59
/predict/risk,Medium,1.0.0,2024-01-17T16:00:00,2b393c10bbb9
/predict/risk,High,1.0.0,2024-01-17T18:00:00,f1f4af678c0b
/predict/risk,High,1.0.0,2024-01-17T20:00:00,f6c01445e3a7
/predict/risk,Low,1.0.0,2024-01-17T22:00:00,04ebf83e3067
/predict/risk,Medium,1.0.0,2024-01-18T00:00:00,f5ae11f32d55
/predict/risk,High,1.0.0,2024-01-18T02:00:00,1387c009cee4
/predict/risk,High,1.0.0,2024-01-18T04:00:00,1272dafeb57e
/predict/risk,Medium,1.0.0,2024-01-18T06:00:00,d6ffbf74ac34
/predict/risk,High,1.0.0,2024-01-18T08:00:00,620455d4e91a
/predict/risk,High,1.0.0,2024-01-18T10:00:00,cac4718ab14e
/predict/risk,Medium,1.0.0,2024-01-18T12:00:00,ecc6e7395457
/predict/risk,Medium,1.0.0,2024-01-18T14:00:00,8215823ebf3d
/predict/risk,Medium,1.0.0,2024-01-18T16:00:00,85e9297e90ef
/predict/risk,High,1.0.0,2024-01-18T18:00:00,6b55b6c6bf2c
/predict/risk,Medium,1.0.0,2024-01-18T20:00:00,5d4412e26008
/predict/risk,High,1.0.0,2024-01-18T22:00:00,f6b289d99aef
/predict/risk,Medium,1.0.0,2024-01-19T00:00:00,1cf999b7b41f
/predict/risk,Medium,1.0.0,2024-01-19T02:00:00,87f93f7a660d
/predict/risk,Medium,1.0.0,2024-01-19T04:00:00,328a604ec167
/predict/risk,Low,1.0.0,2024-01-19T06:00:00,b5deeb711996
/predict/risk,Medium,1.0.0,2024-01-19T08:00:00,943012f59568
/predict/risk,Medium,1.0.0,2024-01-19T10:00:00,651f6905640a
/predict/risk,High,1.0.0,2024-01-19T12:00:00,9044f7f3c265
/predict/risk,Medium,1.0.0,2024-01-19T14:00:00,b8681e311fa6
/predict/risk,High,1.0.0,2024-01-19T16:00:00,6623b045f7e1
/predict/risk,High,1.0.0,2024-01-19T18:00:00,c1ac4a8fa93f
/predict/risk,Low,1.0.0,2024-01-19T20:00:00,70545e873166
/predict/risk,Medium,1.0.0,2024-01-19T22:00:00,35da03b2392b
/predict/risk,Low,1.0.0,2024-01-20T00:00:00,7b17b6d29143
/predict/risk,Medium,1.0.0,2024-01-20T02:00:00,4a3647cb9526
/predict/risk,Low,1.0.0,2024-01-20T04:00:00,cd9f35308648
/predict/risk,Medium,1.0.0,2024-01-20T06:00:00,0ad748cffdc4
/predict/risk,Medium,1.0.0,2024-01-20T08:00:00,140e793d3a3c
/predict/risk,Medium,1.0.0,2024-01-20T10:00:00,a4b8a0681057
/predict/risk,High,1.0.0,2024-01-20T12:00:00,cf2b000633cf
/predict/risk,Medium,1.0.0,2024-01-20T14:00:00,5a5b7a53c962
/predict/risk,High,1.0.0,2024-01-20T16:00:00,035526785304
/predict/risk,High,1.0.0,2024-01-20T18:00:00,1df475310b66
/predict/risk,Medium,1.0.0,2024-01-20T20:00:00,9d7024790f77
/predict/risk,High,1.0.0,2024-01-20T22:00:00,6b57b80b7ee4
/predict/risk,Low,1.0.0,2024-01-21T00:00:00,4522890623c0
/predict/risk,Low,1.0.0,2024-01-21T02:00:00,b64044d1266d
/predict/risk,Low,1.0.0,2024-01-21T04:00:00,9764d1543ec6
/predict/risk,Medium,1.0.0,2024-01-21T06:00:00,0efbd41e5081
/predict/risk,High,1.0.0,2024-01-21T08:00:00,13392ef05ed6
/predict/risk,Low,1.0.0,2024-01-21T10:00:00,854f9424c3be
/predict/risk,Medium,1.0.0,2024-01-21T12:00:00,d84a02118fdc
/predict/risk,Low,1.0.0,2024-01-21T14:00:00,78a98372a63d
/predict/risk,Low,1.0.0,2024-01-21T16:00:00,4a4079482a8c
/predict/risk,Low,1.0.0,2024-01-21T18:00:00,db22e0d9a072
/predict/risk,High,1.0.0,2024-01-21T20:00:00,750868278389
/predict/risk,Medium,1.0.0,2024-01-21T22:00:00,8028a45780f5
/predict/risk,Low,1.0.0,2024-01-22T00:00:00,bc0356cd2613
/predict/risk,Medium,1.0.0,2024-01-22T02:00:00,f8aa9b0397ed
/predict/risk,High,1.0.0,2024-01-22T04:00:00,a44d7b47b508
/predict/risk,Medium,1.0.0,2024-01-22T06:00:00,fca4dcb9c8ee
/predict/risk,Low,1.0.0,2024-01-22T08:00:00,127c402fd03f
/predict/risk,Medium,1.0.0,2024-01-22T10:00:00,9af4fd84db7a
/predict/risk,Medium,1.0.0,2024-01-22T12:00:00,a562c5d064df
/predict/risk,High,1.0.0,2024-01-22T14:00:00,53ded4c7bd35
/predict/risk,Medium,1.0.0,2024-01-22T16:00:00,bab17c834377
/predict/risk,Low,1.0.0,2024-01-22T18:00:00,603579d69162
/predict/risk,High,1.0.0,2024-01-22T20:00:00,8fbec65bd25a
/predict/risk,Medium,1.0.0,2024-01-22T22:00:00,fbc89e70385d
/predict/risk,Low,1.0.0,2024-01-23T00:00:00,30b063d3039c
/predict/risk,Medium,1.0.0,2024-01-23T02:00:00,c430131e1c64
/predict/risk,Medium,1.0.0,2024-01-23T04:00:00,37899e6ae8d9
/predict/risk,Medium,1.0.0,2024-01-23T06:00:00,cbf67166e5ee
/predict/risk,Medium,1.0.0,2024-01-23T08:00:00,85ccfa019315
/predict/risk,High,1.0.0,2024-01-23T10:00:00,1d2c78936bdc
/predict/risk,Low,1.0.0,2024-01-23T12:00:00,275e2a397596
/predict/risk,Low,1.0.0,2024-01-23T14:00:00,e9dd93e563f1
/predict/risk,Low,1.0.0,2024-01-23T16:00:00,3920766bacb4
/predict/risk,Low,1.0.0,2024-01-23T18:00:00,cc58d0d20d4e
/predict/risk,Medium,1.0.0,2024-01-23T20:00:00,1953b817bbcf
/predict/risk,Medium,1.0.0,2024-01-23T22:00:00,10aba32a6692
/predict/risk,Low,1.0.0,2024-01-24T00:00:00,4cec6053afa8
/predict/risk,Medium,1.0.0,2024-01-24T02:00:00,d222bd24c63a
/predict/risk,Medium,1.0.0,2024-01-24T04:00:00,ca5d1cc64f44
/predict/risk,Low,1.0.0,2024-01-24T06:00:00,75f5b11c42d9
/predict/risk,Low,1.0.0,2024-01-24T08:00:00,1caacb8370cd
/predict/risk,Medium,1.0.0,2024-01-24T10:00:00,eeadf5699e71
/predict/risk,Medium,1.0.0,2024-01-24T12:00:00,f9cc00ebe1bf
/predict/risk,High,1.0.0,2024-01-24T14:00:00,d9ba354fd84e
/predict/risk,Medium,1.0.0,2024-01-24T16:00:00,3806a8badd55
/predict/risk,High,1.0.0,2024-01-24T18:00:00,d3cd53f56a24
/predict/risk,Medium,1.0.0,2024-01-24T20:00:00,d6ca9ccb82ce
/predict/risk,Medium,1.0.0,2024-01-24T22:00:00,5f045030e097
/predict/risk,High,1.0.0,2024-01-25T00:00:00,9528c4d27b6f
/predict/risk,Medium,1.0.0,2024-01-25T02:00:00,137876fc79d8
/predict/risk,High,1.0.0,2024-01-25T04:00:00,abc8abe64570
/predict/risk,High,1.0.0,2024-01-25T06:00:00,a236986c956a
/predict/risk,Low,1.0.0,2024-01-25T08:00:00,8d41861abb7d
/predict/risk,Medium,1.0.0,2024-01-25T10:00:00,1a705be59d3d
/predict/risk,High,1.0.0,2024-01-25T12:00:00,026588053001
/predict/risk,Medium,1.0.0,2024-01-25T14:00:00,406fa5484bb9
/predict/risk,Low,1.0.0,2024-01-25T16:00:00,31271d2be9a8
/predict/risk,High,1.0.0,2024-01-25T18:00:00,c604c8b843ec
/predict/risk,Medium,1.0.0,2024-01-25T20:00:00,cfdc3777cfc1
/predict/risk,High,1.0.0,2024-01-25T22:00:00,24fe219fbb11
/predict/claim,Paid,1.0.0,2024-01-01T01:00:00,0fd10dd8550b
/predict/claim,Paid,1.0.0,2024-01-01T03:00:00,d9f3e8d96317
/predict/claim,Paid,1.0.0,2024-01-01T05:00:00,e21ba35b7a2d
/predict/claim,Pending,1.0.0,2024-01-01T07:00:00,01173fbb29c7
/predict/claim,Pending,1.0.0,2024-01-01T09:00:00,152fc8f682e3
/predict/claim,Rejected,1.0.0,2024-01-01T11:00:00,cca5432679af
/predict/claim,Paid,1.0.0,2024-01-01T13:00:00,1aa53b633574
/predict/claim,Paid,1.0.0,2024-01-01T15:00:00,a45c0b2e6a98
/predict/claim,Rejected,1.0.0,2024-01-01T17:00:00,561fb85000c9
/predict/claim,Paid,1.0.0,2024-01-01T19:00:00,4e11fbd5e400
/predict/claim,Paid,1.0.0,2024-01-01T21:00:00,c3ed110ba0e4
/predict/claim,Paid,1.0.0,2024-01-01T23:00:00,6dc4eb04d795
/predict/claim,Paid,1.0.0,2024-01-02T01:00:00,0fec238c67b8
/predict/claim,Rejected,1.0.0,2024-01-02T03:00:00,b4c2866ac750
/predict/claim,Rejected,1.0.0,2024-01-02T05:00:00,e52acf6e7a52
/predict/claim,Pending,1.0.0,2024-01-02T07:00:00,e007914343ea
/predict/claim,Paid,1.0.0,2024-01-02T09:00:00,a5bf58aea713
/predict/claim,Paid,1.0.0,2024-01-02T11:00:00,5d27bcd5593c
/predict/claim,Paid,1.0.0,2024-01-02T13:00:00,97f09dbeeb3e
/predict/claim,Paid,1.0.0,2024-01-02T15:00:00,794668e56bd0
/predict/claim,Paid,1.0.0,2024-01-02T17:00:00,5aee0fddbb2d
/predict/claim,Pending,1.0.0,2024-01-02T19:00:00,1297520d5970
/predict/claim,Pending,1.0.0,2024-01-02T21:00:00,53ffbd4ef84d
/predict/claim,Paid,1.0.0,2024-01-02T23:00:00,8f32628bb1da
/predict/claim,Rejected,1.0.0,2024-01-03T01:00:00,f831d30691f9
/predict/claim,Pending,1.0.0,2024-01-03T03:00:00,70a411d5adf2
/predict/claim,Pending,1.0.0,2024-01-03T05:00:00,70fc8102d27a
/predict/claim,Pending,1.0.0,2024-01-03T07:00:00,30bb1cf8e06d
/predict/claim,Paid,1.0.0,2024-01-03T09:00:00,b2e1e4384932
/predict/claim,Paid,1.0.0,2024-01-03T11:00:00,357c71371cee
/predict/claim,Paid,1.0.0,2024-01-03T13:00:00,677013737fd9
/predict/claim,Rejected,1.0.0,2024-01-03T15:00:00,2c96b8ae83b7
/predict/claim,Paid,1.0.0,2024-01-03T17:00:00,b065e28c9001
/predict/claim,Paid,1.0.0,2024-01-03T19:00:00,eafdcc965dba
/predict/claim,Paid,1.0.0,2024-01-03T21:00:00,6270ddf219bc
/predict/claim,Paid,1.0.0,2024-01-03T23:00:00,f5c5b32f5a6b
/predict/claim,Rejected,1.0.0,2024-01-04T01:00:00,d2cdc1d4f67a
/predict/claim,Pending,1.0.0,2024-01-04T03:00:00,3fb3fe4f5f64
/predict/claim,Paid,1.0.0,2024-01-04T05:00:00,14b75f6e3daa
/predict/claim,Paid,1.0.0,2024-01-04T07:00:00,cf137b3ef3a3
/predict/claim,Paid,1.0.0,2024-01-04T09:00:00,bad747edd8e7
/predict/claim,Paid,1.0.0,2024-01-04T11:00:00,f4475930e7cb
/predict/claim,Paid,1.0.0,2024-01-04T13:00:00,ca1bc575c9c2
/predict/claim,Paid,1.0.0,2024-01-04T15:00:00,b8abac4df2d9
/predict/claim,Paid,1.0.0,2024-01-04T17:00:00,064e6014ae0e
/predict/claim,Pending,1.0.0,2024-01-04T19:00:00,6c6b21db846e
/predict/claim,Pending,1.0.0,2024-01-04T21:00:00,a76442d4a3c4
/predict/claim,Paid,1.0.0,2024-01-04T23:00:00,8dc465571d22
/predict/claim,Paid,1.0.0,2024-01-05T01:00:00,611dcdb9a930
/predict/claim,Pending,1.0.0,2024-01-05T03:00:00,b964361ff35a
/predict/claim,Paid,1.0.0,2024-01-05T05:00:00,ea92c7113965
/predict/claim,Rejected,1.0.0,2024-01-05T07:00:00,7724e1647dda
/predict/claim,Pending,1.0.0,2024-01-05T09:00:00,d00742ee70aa
/predict/claim,Paid,1.0.0,2024-01-05T11:00:00,bdc237907105
/predict/claim,Paid,1.0.0,2024-01-05T13:00:00,7ed81f859c22
/predict/claim,Pending,1.0.0,2024-01-05T15:00:00,439b26920dca
/predict/claim,Paid,1.0.0,2024-01-05T17:00:00,eba2b37f7bed
/predict/claim,Pending,1.0.0,2024-01-05T19:00:00,faf5f2ce3425
/predict/claim,Rejected,1.0.0,2024-01-05T21:00:00,749bea4b0c87
/predict/claim,Pending,1.0.0,2024-01-05T23:00:00,f664af265fac
/predict/claim,Paid,1.0.0,2024-01-06T01:00:00,a48c7465730c
/predict/claim,Pending,1.0.0,2024-01-06T03:00:00,1492557a3263
/predict/claim,Paid,1.0.0,2024-01-06T05:00:00,2b750153907f
/predict/claim,Paid,1.0.0,2024-01-06T07:00:00,04f64d64dc8a
/predict/claim,Rejected,1.0.0,2024-01-06T09:00:00,ea23e4f0a3b7
/predict/claim,Paid,1.0.0,2024-01-06T11:00:00,31a39531014f
/predict/claim,Rejected,1.0.0,2024-01-06T13:00:00,1cd3f15b73ea
/predict/claim,Rejected,1.0.0,2024-01-06T15:00:00,c6e9f3929e09
/predict/claim,Paid,1.0.0,2024-01-06T17:00:00,0595b3d39da3
/predict/claim,Paid,1.0.0,2024-01-06T19:00:00,260c9f996f5a
/predict/claim,Paid,1.0.0,2024-01-06T21:00:00,292c89a2adff
/predict/claim,Paid,1.0.0,2024-01-06T23:00:00,c8e6a19e190f
/predict/claim,Paid,1.0.0,2024-01-07T01:00:00,e8c6b98d4ab5
/predict/claim,Pending,1.0.0,2024-01-07T03:00:00,a65c6b83dd75
/predict/claim,Paid,1.0.0,2024-01-07T05:00:00,42950067fbe8
/predict/claim,Paid,1.0.0,2024-01-07T07:00:00,5e0f0abc3c94
/predict/claim,Rejected,1.0.0,2024-01-07T09:00:00,4a4df90029f3
/predict/claim,Paid,1.0.0,2024-01-07T11:00:00,2554eeb05fe6
/predict/claim,Rejected,1.0.0,2024-01-07T13:00:00,eb08fd183161
/predict/claim,Paid,1.0.0,2024-01-07T15:00:00,e0ab5d555580
/predict/claim,Paid,1.0.0,2024-01-07T17:00:00,33c78f46ebd1
/predict/claim,Pending,1.0.0,2024-01-07T19:00:00,15e42f7b5f3f
/predict/claim,Pending,1.0.0,2024-01-07T21:00:00,fb4634669432
/predict/claim,Rejected,1.0.0,2024-01-07T23:00:00,14ea247dbb9b
/predict/claim,Pending,1.0.0,2024-01-08T01:00:00,d3fc3be22fab
/predict/claim,Rejected,1.0.0,2024-01-08T03:00:00,26861a08cb8f
/predict/claim,Paid,1.0.0,2024-01-08T05:00:00,fe509f50fed5
/predict/claim,Paid,1.0.0,2024-01-08T07:00:00,c33b52c3d17a
/predict/claim,Rejected,1.0.0,2024-01-08T09:00:00,e8551dbf7dc5
/predict/claim,Rejected,1.0.0,2024-01-08T11:00:00,d7c0c2ab5146
/predict/claim,Rejected,1.0.0,2024-01-08T13:00:00,989bbed04fc9
/predict/claim,Paid,1.0.0,2024-01-08T15:00:00,34feed9ac147
/predict/claim,Paid,1.0.0,2024-01-08T17:00:00,9cceb19ba5db
/predict/claim,Rejected,1.0.0,2024-01-08T19:00:00,2d496e7fed9c
/predict/claim,Paid,1.0.0,2024-01-08T21:00:00,a42524c099a9
/predict/claim,Rejected,1.0.0,2024-01-08T23:00:00,a44a397c57b0
/predict/claim,Rejected,1.0.0,2024-01-09T01:00:00,f9b9143b50e4
/predict/claim,Paid,1.0.0,2024-01-09T03:00:00,5e6326563509
/predict/claim,Rejected,1.0.0,2024-01-09T05:00:00,7375344be800
/predict/claim,Rejected,1.0.0,2024-01-09T07:00:00,1a0d842443f8
/predict/claim,Paid,1.0.0,2024-01-09T09:00:00,050d78405b41
/predict/claim,Rejected,1.0.0,2024-01-09T11:00:00,c228dd15ffa6
/predict/claim,Paid,1.0.0,2024-01-09T13:00:00,1c61ebff252a
/predict/claim,Rejected,1.0.0,2024-01-09T15:00:00,81bfa48a523a
/predict/claim,Paid,1.0.0,2024-01-09T17:00:00,26868d173e2a
/predict/claim,Rejected,1.0.0,2024-01-09T19:00:00,7be7b8584863
/predict/claim,Paid,1.0.0,2024-01-09T21:00:00,80d428663d29
/predict/claim,Paid,1.0.0,2024-01-09T23:00:00,c69e7d266538
/predict/claim,Rejected,1.0.0,2024-01-10T01:00:00,36e6e3c1b1a1
/predict/claim,Paid,1.0.0,2024-01-10T03:00:00,4f706a9da426
/predict/claim,Paid,1.0.0,2024-01-10T05:00:00,4cd34d6049f9
/predict/claim,Rejected,1.0.0,2024-01-10T07:00:00,b344c53dda01
/predict/claim,Rejected,1.0.0,2024-01-10T09:00:00,c0e7c0493d75
/predict/claim,Pending,1.0.0,2024-01-10T11:00:00,86134bffdcee
/predict/claim,Pending,1.0.0,2024-01-10T13:00:00,168a929bd614
/predict/claim,Paid,1.0.0,2024-01-10T15:00:00,0a1b887b33fe
/predict/claim,Paid,1.0.0,2024-01-10T17:00:00,0bd83d90da40
/predict/claim,Paid,1.0.0,2024-01-10T19:00:00,cf21f6a0f355
/predict/claim,Pending,1.0.0,2024-01-10T21:00:00,2ecde65bd339
/predict/claim,Rejected,1.0.0,2024-01-10T23:00:00,b5248ab89492
/predict/claim,Rejected,1.0.0,2024-01-11T01:00:00,419d19c03afb
/predict/claim,Rejected,1.0.0,2024-01-11T03:00:00,6fa6c1216294
/predict/claim,Paid,1.0.0,2024-01-11T05:00:00,6d4e53822eb1
/predict/claim,Paid,1.0.0,2024-01-11T07:00:00,ecae194d0372
/predict/claim,Paid,1.0.0,2024-01-11T09:00:00,ee36bd346f85
/predict/claim,Paid,1.0.0,2024-01-11T11:00:00,f551e82c66d1
/predict/claim,Paid,1.0.0,2024-01-11T13:00:00,f534088ed3b6
/predict/claim,Rejected,1.0.0,2024-01-11T15:00:00,030011cf115c
/predict/claim,Paid,1.0.0,2024-01-11T17:00:00,fd92292c23db
/predict/claim,Paid,1.0.0,2024-01-11T19:00:00,232c33ce0e08
/predict/claim,Paid,1.0.0,2024-01-11T21:00:00,83a8f9da47c5
/predict/claim,Rejected,1.0.0,2024-01-11T23:00:00,a1b8722e5a83
/predict/claim,Pending,1.0.0,2024-01-12T01:00:00,5f69fc5b4828
/predict/claim,Paid,1.0.0,2024-01-12T03:00:00,d2345c42f945
/predict/claim,Paid,1.0.0,2024-01-12T05:00:00,8eb809a0f1d1
/predict/claim,Pending,1.0.0,2024-01-12T07:00:00,befee4b4740c
/predict/claim,Paid,1.0.0,2024-01-12T09:00:00,1c2fec2be549
/predict/claim,Rejected,1.0.0,2024-01-12T11:00:00,b533426837db
/predict/claim,Pending,1.0.0,2024-01-12T13:00:00,337f59f4499d
/predict/claim,Paid,1.0.0,2024-01-12T15:00:00,75e008a2abb9
/predict/claim,Paid,1.0.0,2024-01-12T17:00:00,46cee3aa5ca1
/predict/claim,Rejected,1.0.0,2024-01-12T19:00:00,c343087c426e
/predict/claim,Paid,1.0.0,2024-01-12T21:00:00,9b7fbde0c711
/predict/claim,Paid,1.0.0,2024-01-12T23:00:00,9681da44b0d2
/predict/claim,Rejected,1.0.0,2024-01-13T01:00:00,16493ce61dbc
/predict/claim,Rejected,1.0.0,2024-01-13T03:00:00,fcf0d560b8fc
/predict/claim,Rejected,1.0.0,2024-01-13T05:00:00,20af45e4ca04
/predict/claim,Rejected,1.0.0,2024-01-13T07:00:00,77a740727c49
/predict/claim,Paid,1.0.0,2024-01-13T09:00:00,c2cfaf4e6b73
/predict/claim,Paid,1.0.0,2024-01-13T11:00:00,17437fe9be8a
/predict/claim,Rejected,1.0.0,2024-01-13T13:00:00,94bb4d6c5d85
/predict/claim,Pending,1.0.0,2024-01-13T15:00:00,fc1c0207b2b1
/predict/claim,Paid,1.0.0,2024-01-13T17:00:00,0a392088ac5c
/predict/claim,Rejected,1.0.0,2024-01-13T19:00:00,d7d471834e29
/predict/claim,Paid,1.0.0,2024-01-13T21:00:00,6840c6de61f7
/predict/claim,Paid,1.0.0,2024-01-13T23:00:00,7b229564e9b3
/predict/claim,Paid,1.0.0,2024-01-14T01:00:00,7f88ac0e062a
/predict/claim,Paid,1.0.0,2024-01-14T03:00:00,2db6e7685800
/predict/claim,Paid,1.0.0,2024-01-14T05:00:00,31247afbf34f
/predict/claim,Paid,1.0.0,2024-01-14T07:00:00,f3a884715827
/predict/claim,Paid,1.0.0,2024-01-14T09:00:00,345c261d4a1b
/predict/claim,Pending,1.0.0,2024-01-14T11:00:00,afe38d6b18c1
/predict/claim,Pending,1.0.0,2024-01-14T13:00:00,1c2633b381db
/predict/claim,Pending,1.0.0,2024-01-14T15:00:00,a19f15554479
/predict/claim,Rejected,1.0.0,2024-01-14T17:00:00,3d7bac442d43
/predict/claim,Paid,1.0.0,2024-01-14T19:00:00,03e08980834b
/predict/claim,Paid,1.0.0,2024-01-14T21:00:00,e4a223cbeecf
/predict/claim,Rejected,1.0.0,2024-01-14T23:00:00,428db88aece6
/predict/claim,Paid,1.0.0,2024-01-15T01:00:00,8a91350a3846
/predict/claim,Rejected,1.0.0,2024-01-15T03:00:00,7bbfe25a3c4b
/predict/claim,Paid,1.0.0,2024-01-15T05:00:00,276e9177d8a0
/predict/claim,Rejected,1.0.0,2024-01-15T07:00:00,10ab7a20927c
/predict/claim,Paid,1.0.0,2024-01-15T09:00:00,661a73a9b6a3
/predict/claim,Rejected,1.0.0,2024-01-15T11:00:00,1e382d4794c4
/predict/claim,Paid,1.0.0,2024-01-15T13:00:00,e01d91243363
/predict/claim,Rejected,1.0.0,2024-01-15T15:00:00,b68be00819c9
/predict/claim,Paid,1.0.0,2024-01-15T17:00:00,0cd806931a05
/predict/claim,Pending,1.0.0,2024-01-15T19:00:00,c548ef1ddf90
/predict/claim,Rejected,1.0.0,2024-01-15T21:00:00,bee0317a7b08
/predict/claim,Paid,1.0.0,2024-01-15T23:00:00,7adacbe6fffa
/predict/claim,Pending,1.0.0,2024-01-16T01:00:00,fedb3d21eaee
/predict/claim,Pending,1.0.0,2024-01-16T03:00:00,09ccf5ff73bc
/predict/claim,Paid,1.0.0,2024-01-16T05:00:00,791e8b619ce0
/predict/claim,Pending,1.0.0,2024-01-16T07:00:00,f6735e9cc621
/predict/claim,Pending,1.0.0,2024-01-16T09:00:00,64c9347ea09b
/predict/claim,Rejected,1.0.0,2024-01-16T11:00:00,12a4af65bee5
/predict/claim,Paid,1.0.0,2024-01-16T13:00:00,fea8cc4ae0ce
/predict/claim,Paid,1.0.0,2024-01-16T15:00:00,5c40e0d23361
/predict/claim,Rejected,1.0.0,2024-01-16T17:00:00,560ee9ccc72c
/predict/claim,Rejected,1.0.0,2024-01-16T19:00:00,397f951c513b
/predict/claim,Paid,1.0.0,2024-01-16T21:00:00,a5dd4e1367a1
/predict/claim,Pending,1.0.0,2024-01-16T23:00:00,c956beb539fa
/predict/claim,Paid,1.0.0,2024-01-17T01:00:00,8885a4253762
/predict/claim,Paid,1.0.0,2024-01-17T03:00:00,eaaf496ee808
/predict/claim,Paid,1.0.0,2024-01-17T05:00:00,58523d5ca07d
/predict/claim,Paid,1.0.0,2024-01-17T07:00:00,56c675449fcf
/predict/claim,Pending,1.0.0,2024-01-17T09:00:00,860642794b98
/predict/claim,Paid,1.0.0,2024-01-17T11:00:00,5ce13391fc89
/predict/claim,Rejected,1.0.0,2024-01-17T13:00:00,49092255c249
/predict/claim,Rejected,1.0.0,2024-01-17T15:00:00,64a888ef214e
/predict/claim,Pending,1.0.0,2024-01-17T17:00:00,4b8a64da9f1e
/predict/claim,Paid,1.0.0,2024-01-17T19:00:00,d940eb57aac7
/predict/claim,Paid,1.0.0,2024-01-17T21:00:00,444be786b9d3
/predict/claim,Rejected,1.0.0,2024-01-17T23:00:00,d6ff6d90afcd
/predict/claim,Pending,1.0.0,2024-01-18T01:00:00,6e0855440cdb
/predict/claim,Paid,1.0.0,2024-01-18T03:00:00,57e90369abe0
/predict/claim,Rejected,1.0.0,2024-01-18T05:00:00,615096d547eb
/predict/claim,Rejected,1.0.0,2024-01-18T07:00:00,a579ef20e851
/predict/claim,Rejected,1.0.0,2024-01-18T09:00:00,65c5707df5fb
/predict/claim,Pending,1.0.0,2024-01-18T11:00:00,82e179fc7d3a
/predict/claim,Pending,1.0.0,2024-01-18T13:00:00,88c2eb14461c
/predict/claim,Paid,1.0.0,2024-01-18T15:00:00,f4c325cf837d
/predict/claim,Rejected,1.0.0,2024-01-18T17:00:00,95b4f0d8bb28
/predict/claim,Rejected,1.0.0,2024-01-18T19:00:00,6f4450ff48bc
/predict/claim,Paid,1.0.0,2024-01-18T21:00:00,30584736628c
/predict/claim,Paid,1.0.0,2024-01-18T23:00:00,9f28823b20e7
/predict/claim,Paid,1.0.0,2024-01-19T01:00:00,f7e16cebeb04
/predict/claim,Rejected,1.0.0,2024-01-19T03:00:00,5d0ed01a51fa
/predict/claim,Rejected,1.0.0,2024-01-19T05:00:00,4512c1d1e438
/predict/claim,Paid,1.0.0,2024-01-19T07:00:00,c0a5435db9b9
/predict/claim,Pending,1.0.0,2024-01-19T09:00:00,edeb255672fc
/predict/claim,Paid,1.0.0,2024-01-19T11:00:00,ca65c7186486
/predict/claim,Rejected,1.0.0,2024-01-19T13:00:00,066c4782c437
/predict/claim,Rejected,1.0.0,2024-01-19T15:00:00,1fc15e909cc5
/predict/claim,Rejected,1.0.0,2024-01-19T17:00:00,0ad9aa1b1a63
/predict/claim,Paid,1.0.0,2024-01-19T19:00:00,542a14a8bbbb
/predict/claim,Paid,1.0.0,2024-01-19T21:00:00,6abc5c67e3bb
/predict/claim,Paid,1.0.0,2024-01-19T23:00:00,37f796d3e1d1
/predict/claim,Paid,1.0.0,2024-01-20T01:00:00,8245ef022e7d
/predict/claim,Rejected,1.0.0,2024-01-20T03:00:00,acbcf2f096bd
/predict/claim,Rejected,1.0.0,2024-01-20T05:00:00,960a2c7c4247
/predict/claim,Rejected,1.0.0,2024-01-20T07:00:00,1ed8591840e8
/predict/claim,Rejected,1.0.0,2024-01-20T09:00:00,19c4e5171072
/predict/claim,Pending,1.0.0,2024-01-20T11:00:00,6bd749a3df53
/predict/claim,Rejected,1.0.0,2024-01-20T13:00:00,83669f9de661
/predict/claim,Rejected,1.0.0,2024-01-20T15:00:00,78be68184541
/predict/claim,Rejected,1.0.0,2024-01-20T17:00:00,11b42440be85
/predict/claim,Paid,1.0.0,2024-01-20T19:00:00,3cd288d3f1e3
/predict/claim,Paid,1.0.0,2024-01-20T21:00:00,684d576bc205
/predict/claim,Paid,1.0.0,2024-01-20T23:00:00,eb88f57dab9f
/predict/claim,Rejected,1.0.0,2024-01-21T01:00:00,7b40446f7fe3
/predict/claim,Pending,1.0.0,2024-01-21T03:00:00,3e79e24e70ec
/predict/claim,Paid,1.0.0,2024-01-21T05:00:00,5baa82909fbf
/predict/claim,Pending,1.0.0,2024-01-21T07:00:00,960d7ed52e7c
/predict/claim,Pending,1.0.0,2024-01-21T09:00:00,06670c28c5cd
/predict/claim,Paid,1.0.0,2024-01-21T11:00:00,74b34617159b
/predict/claim,Paid,1.0.0,2024-01-21T13:00:00,30b94aee71dc
/predict/claim,Pending,1.0.0,2024-01-21T15:00:00,168798d92b4a
/predict/claim,Paid,1.0.0,2024-01-21T17:00:00,66b208a2da1b
/predict/claim,Rejected,1.0.0,2024-01-21T19:00:00,bb5022fe488d
/predict/claim,Paid,1.0.0,2024-01-21T21:00:00,b6ba919d2cf4
/predict/claim,Rejected,1.0.0,2024-01-21T23:00:00,20ecdc77cf9d
/predict/claim,Pending,1.0.0,2024-01-22T01:00:00,f78634b7bc22
/predict/claim,Pending,1.0.0,2024-01-22T03:00:00,abf904402b1d
/predict/claim,Rejected,1.0.0,2024-01-22T05:00:00,31fd108f32c9
/predict/claim,Paid,1.0.0,2024-01-22T07:00:00,463bdc5691e3
/predict/claim,Paid,1.0.0,2024-01-22T09:00:00,13726caeec13
/predict/claim,Paid,1.0.0,2024-01-22T11:00:00,83f4b8aa6e17
/predict/claim,Rejected,1.0.0,2024-01-22T13:00:00,67a407d790f4
/predict/claim,Pending,1.0.0,2024-01-22T15:00:00,33677394df74
/predict/claim,Pending,1.0.0,2024-01-22T17:00:00,af7c52f7a199
/predict/claim,Paid,1.0.0,2024-01-22T19:00:00,f8d4dcd907e4
/predict/claim,Paid,1.0.0,2024-01-22T21:00:00,f5fef8a5fd9e
/predict/claim,Paid,1.0.0,2024-01-22T23:00:00,5c8b923a1502
/predict/claim,Paid,1.0.0,2024-01-23T01:00:00,13c9b365edcb
/predict/claim,Pending,1.0.0,2024-01-23T03:00:00,466de0580123
/predict/claim,Paid,1.0.0,2024-01-23T05:00:00,c93bc23e05f7
/predict/claim,Paid,1.0.0,2024-01-23T07:00:00,b8103e2dad6e
/predict/claim,Rejected,1.0.0,2024-01-23T09:00:00,5b0fe654d9c6
/predict/claim,Paid,1.0.0,2024-01-23T11:00:00,c73844377e6d
/predict/claim,Paid,1.0.0,2024-01-23T13:00:00,47913b992046
/predict/claim,Rejected,1.0.0,2024-01-23T15:00:00,728591478444
/predict/claim,Paid,1.0.0,2024-01-23T17:00:00,d28e7f4c00fc
/predict/claim,Pending,1.0.0,2024-01-23T19:00:00,3a6d15c49d01
/predict/claim,Rejected,1.0.0,2024-01-23T21:00:00,41750c275584
/predict/claim,Rejected,1.0.0,2024-01-23T23:00:00,6d8d48736c4d
/predict/claim,Paid,1.0.0,2024-01-24T01:00:00,2f8c7d47a06c
/predict/claim,Rejected,1.0.0,2024-01-24T03:00:00,e0d7355e2afc
/predict/claim,Paid,1.0.0,2024-01-24T05:00:00,1bbf930673d2
/predict/claim,Paid,1.0.0,2024-01-24T07:00:00,6eb62acc657a
/predict/claim,Paid,1.0.0,2024-01-24T09:00:00,c41b93eb8410
/predict/claim,Rejected,1.0.0,2024-01-24T11:00:00,843b41af9b8e
/predict/claim,Paid,1.0.0,2024-01-24T13:00:00,49049f3afa14
/predict/claim,Paid,1.0.0,2024-01-24T15:00:00,2ddc3083009d
/predict/claim,Pending,1.0.0,2024-01-24T17:00:00,5cdfb7de83e2
/predict/claim,Paid,1.0.0,2024-01-24T19:00:00,4a08811627a1
/predict/claim,Paid,1.0.0,2024-01-24T21:00:00,c4117a03f151
/predict/claim,Paid,1.0.0,2024-01-24T23:00:00,0adc7867a35b
/predict/claim,Paid,1.0.0,2024-01-25T01:00:00,e1f2cb0569fb
/predict/claim,Paid,1.0.0,2024-01-25T03:00:00,2bc64c6eebf1
/predict/claim,Paid,1.0.0,2024-01-25T05:00:00,94bb7fb95d0a
/predict/claim,Pending,1.0.0,2024-01-25T07:00:00,d2c62c5060c9
/predict/claim,Paid,1.0.0,2024-01-25T09:00:00,a5cc0f6f07d1
/predict/claim,Paid,1.0.0,2024-01-25T11:00:00,ba77b534eed8
/predict/claim,Rejected,1.0.0,2024-01-25T13:00:00,1ba0ed5d0019
/predict/claim,Paid,1.0.0,2024-01-25T15:00:00,c454c79974df
/predict/claim,Pending,1.0.0,2024-01-25T17:00:00,2734e445e753
/predict/claim,Paid,1.0.0,2024-01-25T19:00:00,8ed16d549524
/predict/claim,Paid,1.0.0,2024-01-25T21:00:00,6fb827de6c49
/predict/claim,Paid,1.0.0,2024-01-25T23:00:00,aa22659e680a
